{
  "domainKeywords": {
    "google.com": ["search engine"],
    "facebook.com": ["social media"],
    "youtube.com": ["video platform"],
    "twitter.com": ["microblogging"],
    "amazon.com": ["e-commerce"],
    "wikipedia.org": ["encyclopedia"],
    "netflix.com": ["streaming"],
    "github.com": ["coding"],
    "reddit.com": ["forums"],
    "linkedin.com": ["professional network"],
    "bing.com": ["search engine"],
    "ebay.com": ["online marketplace"],
    "pinterest.com": ["image sharing"],
    "quora.com": ["question-and-answer"],
    "instagram.com": ["photo sharing"],
    "baidu.com": ["search engine"],
    "taobao.com": ["online shopping"],
    "weibo.com": ["social media"],
    "tencent.com": ["social networking"],
    "jd.com": ["e-commerce"],
    "douyin.com": ["short videos"],
    "qq.com": ["social media"],
    "ximalaya.com": ["audio content"],
    "zhihu.com": ["question-and-answer"]
  }
}
